Year,2035_RenewableShare,2035_NonRenewableShare,2035_TotalImpact,2045_RenewableShare,2045_NonRenewableShare,2045_TotalImpact,2055_RenewableShare,2055_NonRenewableShare,2055_TotalImpact,2065_RenewableShare,2065_NonRenewableShare,2065_TotalImpact,2075_RenewableShare,2075_NonRenewableShare,2075_TotalImpact
2025,0.2583617763291186,0.7416382236708814,1.05810814,0.2583617763291186,0.7416382236708814,1.05810814,0.2583617763291186,0.7416382236708814,1.05810814,0.2583617763291186,0.7416382236708814,1.05810814,0.2583617763291186,0.7416382236708814,1.05810814
2026,0.3125255986962068,0.6874744013037932,0.9867828213877425,0.2854436875126627,0.7145563124873373,1.0224454806938712,0.27641638378481465,0.7235836162151854,1.0343330337959142,0.27190273192089065,0.7280972680791093,1.0402768103469358,0.26919454080253624,0.7308054591974638,1.0438430762775484
2027,0.3666894210632949,0.6333105789367051,0.9154575027754848,0.3125255986962068,0.6874744013037932,0.9867828213877425,0.2944709912405107,0.7055290087594893,1.0105579275918284,0.2854436875126627,0.7145563124873373,1.0224454806938712,0.2800273052759539,0.7199726947240461,1.029578012555097
2028,0.42085324343038305,0.5791467565696169,0.8441321841632273,0.33960750987975086,0.6603924901202491,0.9511201620816137,0.3125255986962068,0.6874744013037932,0.9867828213877425,0.29898464310443473,0.7010153568955653,1.0046141510408069,0.2908600697493715,0.7091399302506285,1.0153129488326453
2029,0.47501706579747116,0.5249829342025288,0.7728068655509699,0.3666894210632949,0.6333105789367051,0.9154575027754848,0.3305802061519028,0.6694197938480972,0.9630077151836567,0.3125255986962068,0.6874744013037932,0.9867828213877425,0.30169283422278914,0.6983071657772109,1.001047885110194
2030,0.5291808881645593,0.4708191118354407,0.7014815469387123,0.39377133224683897,0.606228667753161,0.8797948434693561,0.34863481360759885,0.6513651863924012,0.9392326089795707,0.3260665542879788,0.6739334457120212,0.9689514917346781,0.3125255986962068,0.6874744013037932,0.9867828213877425
2031,0.5833447105316475,0.4166552894683525,0.6301562283264548,0.42085324343038305,0.5791467565696169,0.8441321841632273,0.3666894210632949,0.6333105789367051,0.9154575027754848,0.33960750987975086,0.6603924901202491,0.9511201620816137,0.3233583631696244,0.6766416368303756,0.9725177576652909
2032,0.6375085328987355,0.36249146710126445,0.5588309097141975,0.4479351546139271,0.5520648453860729,0.8084695248570988,0.3847440285189909,0.6152559714810091,0.8916823965713992,0.35314846547152284,0.6468515345284771,0.9332888324285492,0.334191127643042,0.665808872356958,0.9582526939428394
2033,0.6916723552658237,0.3083276447341763,0.4875055911019399,0.47501706579747116,0.5249829342025288,0.7728068655509699,0.402798635974687,0.597201364025313,0.8679072903673132,0.3666894210632949,0.6333105789367051,0.9154575027754848,0.3450238921164596,0.6549761078835403,0.9439876302203879
2034,0.7458361776329119,0.2541638223670881,0.41618027248968237,0.5020989769810152,0.49790102301898476,0.7371442062448412,0.42085324343038305,0.5791467565696169,0.8441321841632273,0.3802303766550669,0.619769623344933,0.8976261731224205,0.35585665658987725,0.6441433434101227,0.9297225664979364
2035,0.8,0.19999999999999996,0.3448549538774248,0.5291808881645593,0.4708191118354407,0.7014815469387123,0.4389078508860791,0.5610921491139209,0.8203570779591417,0.39377133224683897,0.606228667753161,0.8797948434693561,0.3666894210632949,0.6333105789367051,0.9154575027754848
2036,0.8,0.19999999999999996,0.3448549538774248,0.5562627993481034,0.4437372006518966,0.6658188876325836,0.4569624583417751,0.5430375416582249,0.7965819717550559,0.407312287838611,0.5926877121613889,0.8619635138162917,0.3775221855367125,0.6224778144632874,0.9011924390530334
2037,0.8,0.19999999999999996,0.3448549538774248,0.5833447105316475,0.4166552894683525,0.6301562283264548,0.47501706579747116,0.5249829342025288,0.7728068655509699,0.42085324343038305,0.5791467565696169,0.8441321841632273,0.38835495001013015,0.6116450499898698,0.8869273753305819
2038,0.8,0.19999999999999996,0.3448549538774248,0.6104266217151916,0.3895733782848084,0.594493569020326,0.49307167325316725,0.5069283267468327,0.7490317593468842,0.4343941990221551,0.5656058009778449,0.826300854510163,0.3991877144835478,0.6008122855164522,0.8726623116081303
2039,0.8,0.19999999999999996,0.3448549538774248,0.6375085328987355,0.36249146710126445,0.5588309097141975,0.5111262807088632,0.48887371929113677,0.7252566531427983,0.4479351546139271,0.5520648453860729,0.8084695248570988,0.41002047895696536,0.5899795210430346,0.858397247885679
2040,0.8,0.19999999999999996,0.3448549538774248,0.6645904440822796,0.33540955591772037,0.5231682504080687,0.5291808881645593,0.4708191118354407,0.7014815469387123,0.4614761102056991,0.5385238897943009,0.7906381952040343,0.420853243430383,0.579146756569617,0.8441321841632274
2041,0.8,0.19999999999999996,0.3448549538774248,0.6916723552658237,0.3083276447341763,0.4875055911019399,0.5472354956202554,0.4527645043797446,0.6777064407346265,0.47501706579747116,0.5249829342025288,0.7728068655509699,0.43168600790380063,0.5683139920961994,0.829867120440776
2042,0.8,0.19999999999999996,0.3448549538774248,0.7187542664493678,0.2812457335506322,0.45184293179581114,0.5652901030759514,0.4347098969240486,0.6539313345305408,0.4885580213892432,0.5114419786107568,0.7549755358979057,0.44251877237721826,0.5574812276227817,0.8156020567183245
2043,0.8,0.19999999999999996,0.3448549538774248,0.7458361776329119,0.2541638223670881,0.41618027248968237,0.5833447105316475,0.4166552894683525,0.6301562283264548,0.5020989769810152,0.49790102301898476,0.7371442062448412,0.4533515368506359,0.5466484631493641,0.8013369929958729
2044,0.8,0.19999999999999996,0.3448549538774248,0.772918088816456,0.22708191118354404,0.3805176131835536,0.6013993179873436,0.3986006820126564,0.606381122122369,0.5156399325727873,0.4843600674272127,0.7193128765917768,0.4641843013240535,0.5358156986759465,0.7870719292734214
2045,0.8,0.19999999999999996,0.3448549538774248,0.8,0.19999999999999996,0.3448549538774248,0.6194539254430396,0.38054607455696043,0.5826060159182832,0.5291808881645593,0.4708191118354407,0.7014815469387123,0.47501706579747116,0.5249829342025288,0.7728068655509699
2046,0.8,0.19999999999999996,0.3448549538774248,0.8,0.19999999999999996,0.3448549538774248,0.6375085328987355,0.36249146710126445,0.5588309097141975,0.5427218437563314,0.45727815624366863,0.683650217285648,0.4858498302708888,0.5141501697291112,0.7585418018285185
2047,0.8,0.19999999999999996,0.3448549538774248,0.8,0.19999999999999996,0.3448549538774248,0.6555631403544316,0.34443685964556836,0.5350558035101116,0.5562627993481034,0.4437372006518966,0.6658188876325836,0.4966825947443064,0.5033174052556936,0.7442767381060669
2048,0.8,0.19999999999999996,0.3448549538774248,0.8,0.19999999999999996,0.3448549538774248,0.6736177478101277,0.32638225218987227,0.5112806973060257,0.5698037549398755,0.43019624506012455,0.6479875579795192,0.5075153592177241,0.49248464078227594,0.7300116743836155
2049,0.8,0.19999999999999996,0.3448549538774248,0.8,0.19999999999999996,0.3448549538774248,0.6916723552658237,0.3083276447341763,0.4875055911019399,0.5833447105316475,0.4166552894683525,0.6301562283264548,0.5183481236911417,0.4816518763088583,0.7157466106611639
2050,0.8,0.19999999999999996,0.3448549538774248,0.8,0.19999999999999996,0.3448549538774248,0.7097269627215198,0.2902730372784802,0.463730484897854,0.5968856661234195,0.40311433387658047,0.6123248986733905,0.5291808881645593,0.4708191118354407,0.7014815469387123
2051,0.8,0.19999999999999996,0.3448549538774248,0.8,0.19999999999999996,0.3448549538774248,0.7277815701772159,0.2722184298227841,0.43995537869376805,0.6104266217151916,0.3895733782848084,0.594493569020326,0.540013652637977,0.45998634736202304,0.6872164832162608
2052,0.8,0.19999999999999996,0.3448549538774248,0.8,0.19999999999999996,0.3448549538774248,0.7458361776329119,0.2541638223670881,0.41618027248968237,0.6239675773069636,0.3760324226930364,0.5766622393672617,0.5508464171113946,0.4491535828886054,0.6729514194938094
2053,0.8,0.19999999999999996,0.3448549538774248,0.8,0.19999999999999996,0.3448549538774248,0.763890785088608,0.23610921491139203,0.39240516628559646,0.6375085328987355,0.36249146710126445,0.5588309097141975,0.5616791815848121,0.4383208184151879,0.658686355771358
2054,0.8,0.19999999999999996,0.3448549538774248,0.8,0.19999999999999996,0.3448549538774248,0.781945392544304,0.21805460745569605,0.36863006008151067,0.6510494884905076,0.3489505115094924,0.5409995800611331,0.5725119460582297,0.42748805394177025,0.6444212920489064
2055,0.8,0.19999999999999996,0.3448549538774248,0.8,0.19999999999999996,0.3448549538774248,0.8,0.19999999999999996,0.3448549538774248,0.6645904440822796,0.33540955591772037,0.5231682504080687,0.5833447105316474,0.4166552894683526,0.630156228326455
2056,0.8,0.19999999999999996,0.3448549538774248,0.8,0.19999999999999996,0.3448549538774248,0.8,0.19999999999999996,0.3448549538774248,0.6781313996740518,0.3218686003259482,0.5053369207550041,0.5941774750050651,0.4058225249949349,0.6158911646040033
2057,0.8,0.19999999999999996,0.3448549538774248,0.8,0.19999999999999996,0.3448549538774248,0.8,0.19999999999999996,0.3448549538774248,0.6916723552658237,0.3083276447341763,0.4875055911019399,0.6050102394784826,0.39498976052151735,0.601626100881552
2058,0.8,0.19999999999999996,0.3448549538774248,0.8,0.19999999999999996,0.3448549538774248,0.8,0.19999999999999996,0.3448549538774248,0.7052133108575958,0.29478668914240425,0.46967426144887553,0.6158430039519003,0.3841569960480997,0.5873610371591005
2059,0.8,0.19999999999999996,0.3448549538774248,0.8,0.19999999999999996,0.3448549538774248,0.8,0.19999999999999996,0.3448549538774248,0.7187542664493678,0.2812457335506322,0.45184293179581114,0.6266757684253179,0.3733242315746821,0.573095973436649
2060,0.8,0.19999999999999996,0.3448549538774248,0.8,0.19999999999999996,0.3448549538774248,0.8,0.19999999999999996,0.3448549538774248,0.7322952220411398,0.26770477795886016,0.43401160214274676,0.6375085328987355,0.36249146710126445,0.5588309097141975
2061,0.8,0.19999999999999996,0.3448549538774248,0.8,0.19999999999999996,0.3448549538774248,0.8,0.19999999999999996,0.3448549538774248,0.7458361776329119,0.2541638223670881,0.41618027248968237,0.6483412973721532,0.3516587026278468,0.5445658459917458
2062,0.8,0.19999999999999996,0.3448549538774248,0.8,0.19999999999999996,0.3448549538774248,0.8,0.19999999999999996,0.3448549538774248,0.7593771332246839,0.24062286677531608,0.398348942836618,0.6591740618455708,0.3408259381544292,0.5303007822692944
2063,0.8,0.19999999999999996,0.3448549538774248,0.8,0.19999999999999996,0.3448549538774248,0.8,0.19999999999999996,0.3448549538774248,0.772918088816456,0.22708191118354404,0.3805176131835536,0.6700068263189884,0.32999317368101155,0.5160357185468429
2064,0.8,0.19999999999999996,0.3448549538774248,0.8,0.19999999999999996,0.3448549538774248,0.8,0.19999999999999996,0.3448549538774248,0.786459044408228,0.213540955591772,0.3626862835304892,0.6808395907924061,0.3191604092075939,0.5017706548243914
2065,0.8,0.19999999999999996,0.3448549538774248,0.8,0.19999999999999996,0.3448549538774248,0.8,0.19999999999999996,0.3448549538774248,0.8,0.19999999999999996,0.3448549538774248,0.6916723552658237,0.3083276447341763,0.4875055911019399
2066,0.8,0.19999999999999996,0.3448549538774248,0.8,0.19999999999999996,0.3448549538774248,0.8,0.19999999999999996,0.3448549538774248,0.8,0.19999999999999996,0.3448549538774248,0.7025051197392413,0.29749488026075865,0.4732405273794884
2067,0.8,0.19999999999999996,0.3448549538774248,0.8,0.19999999999999996,0.3448549538774248,0.8,0.19999999999999996,0.3448549538774248,0.8,0.19999999999999996,0.3448549538774248,0.713337884212659,0.286662115787341,0.45897546365703684
2068,0.8,0.19999999999999996,0.3448549538774248,0.8,0.19999999999999996,0.3448549538774248,0.8,0.19999999999999996,0.3448549538774248,0.8,0.19999999999999996,0.3448549538774248,0.7241706486860766,0.2758293513139234,0.44471039993458533
2069,0.8,0.19999999999999996,0.3448549538774248,0.8,0.19999999999999996,0.3448549538774248,0.8,0.19999999999999996,0.3448549538774248,0.8,0.19999999999999996,0.3448549538774248,0.7350034131594942,0.26499658684050575,0.4304453362121339
2070,0.8,0.19999999999999996,0.3448549538774248,0.8,0.19999999999999996,0.3448549538774248,0.8,0.19999999999999996,0.3448549538774248,0.8,0.19999999999999996,0.3448549538774248,0.7458361776329119,0.2541638223670881,0.41618027248968237
2071,0.8,0.19999999999999996,0.3448549538774248,0.8,0.19999999999999996,0.3448549538774248,0.8,0.19999999999999996,0.3448549538774248,0.8,0.19999999999999996,0.3448549538774248,0.7566689421063295,0.2433310578936705,0.40191520876723086
2072,0.8,0.19999999999999996,0.3448549538774248,0.8,0.19999999999999996,0.3448549538774248,0.8,0.19999999999999996,0.3448549538774248,0.8,0.19999999999999996,0.3448549538774248,0.7675017065797471,0.23249829342025286,0.38765014504477935
2073,0.8,0.19999999999999996,0.3448549538774248,0.8,0.19999999999999996,0.3448549538774248,0.8,0.19999999999999996,0.3448549538774248,0.8,0.19999999999999996,0.3448549538774248,0.7783344710531648,0.22166552894683522,0.3733850813223278
2074,0.8,0.19999999999999996,0.3448549538774248,0.8,0.19999999999999996,0.3448549538774248,0.8,0.19999999999999996,0.3448549538774248,0.8,0.19999999999999996,0.3448549538774248,0.7891672355265824,0.2108327644734176,0.35912001759987633
2075,0.8,0.19999999999999996,0.3448549538774248,0.8,0.19999999999999996,0.3448549538774248,0.8,0.19999999999999996,0.3448549538774248,0.8,0.19999999999999996,0.3448549538774248,0.8,0.19999999999999996,0.3448549538774248
